id,date,customer_id,product_id,quantity,price,salesperson
1,2024-01-01,15,19,1,29,Carlos Ramos
2,2024-01-03,3,3,3,899,Carlos Ramos
3,2024-01-04,43,9,4,199,Luis Huanca
4,2024-01-05,37,24,5,149,Diego Castro
5,2024-01-06,27,16,2,899,Carlos Ramos
6,2024-01-08,28,12,4,59,Diego Castro
7,2024-01-08,4,24,6,149,Carlos Ramos
8,2024-01-08,26,2,6,2799,Jorge Salinas
9,2024-01-10,13,7,5,89,Diego Castro
10,2024-01-11,12,14,3,79,Diego Castro
11,2024-01-12,29,3,5,899,Carlos Ramos
12,2024-01-16,27,6,4,49,Diego Castro
13,2024-01-17,4,13,2,189,Rosa Mendoza
14,2024-01-19,30,9,3,199,Rosa Mendoza
15,2024-01-19,47,23,5,79,Diego Castro
16,2024-01-19,13,5,3,89,Luis Huanca
17,2024-01-22,4,2,5,2799,Diego Castro
18,2024-01-22,34,17,2,69,Ana Quispe
19,2024-01-24,39,3,1,899,Luis Huanca
20,2024-01-25,37,4,2,349,Ana Quispe
21,2024-01-25,6,20,4,39,Jorge Salinas
22,2024-01-25,14,9,6,199,Jorge Salinas
23,2024-01-26,26,9,2,199,Patricia Vega
24,2024-01-27,49,11,1,299,Ana Quispe
25,2024-01-27,40,15,5,129,Carlos Ramos
26,2024-01-27,35,3,2,899,Patricia Vega
27,2024-01-28,5,12,2,59,Jorge Salinas
28,2024-01-29,29,6,5,49,Patricia Vega
29,2024-01-29,42,20,5,39,Ana Quispe
30,2024-01-30,7,22,2,129,Patricia Vega
31,2024-01-30,7,4,6,349,María Torres
32,2024-01-31,39,10,2,79,Jorge Salinas
33,2024-01-31,44,7,6,89,Patricia Vega
34,2024-02-01,4,9,1,199,Rosa Mendoza
35,2024-02-01,3,9,1,199,Jorge Salinas
36,2024-02-01,9,25,6,99,Patricia Vega
37,2024-02-02,29,24,5,149,Rosa Mendoza
38,2024-02-06,3,18,3,49,María Torres
39,2024-02-07,3,5,3,89,Jorge Salinas
40,2024-02-07,23,2,2,2799,Luis Huanca
41,2024-02-07,7,22,3,129,Rosa Mendoza
42,2024-02-08,11,8,2,159,Rosa Mendoza
43,2024-02-10,22,24,4,149,Luis Huanca
44,2024-02-11,45,6,1,49,Rosa Mendoza
45,2024-02-11,31,2,2,2799,Luis Huanca
46,2024-02-12,20,12,2,59,Luis Huanca
47,2024-02-12,43,1,2,2499,Rosa Mendoza
48,2024-02-12,18,11,1,299,Patricia Vega
49,2024-02-13,33,21,4,189,Jorge Salinas
50,2024-02-13,8,1,3,2499,María Torres
51,2024-02-14,7,2,5,2799,Rosa Mendoza
52,2024-02-14,47,12,3,59,Rosa Mendoza
53,2024-02-16,13,19,3,29,Ana Quispe
54,2024-02-16,28,23,1,79,Luis Huanca
55,2024-02-16,28,12,1,59,Jorge Salinas
56,2024-02-17,8,22,6,129,Patricia Vega
57,2024-02-17,20,17,6,69,Rosa Mendoza
58,2024-02-18,45,13,3,189,María Torres
59,2024-02-18,27,7,6,89,Rosa Mendoza
60,2024-02-19,37,20,3,39,Rosa Mendoza
61,2024-02-21,14,10,4,79,Jorge Salinas
62,2024-02-21,29,15,4,129,Luis Huanca
63,2024-02-22,11,24,6,149,Carlos Ramos
64,2024-02-22,33,10,6,79,Jorge Salinas
65,2024-02-22,49,3,2,899,Patricia Vega
66,2024-02-23,10,7,1,89,Ana Quispe
67,2024-02-24,40,16,1,899,Diego Castro
68,2024-02-25,37,21,2,189,Rosa Mendoza
69,2024-02-25,26,16,2,899,María Torres
70,2024-02-25,45,21,1,189,Carlos Ramos
71,2024-02-26,12,8,6,159,Diego Castro
72,2024-02-26,36,2,2,2799,Carlos Ramos
73,2024-02-26,9,15,4,129,Jorge Salinas
74,2024-02-27,47,20,5,39,Rosa Mendoza
75,2024-02-27,29,18,2,49,Diego Castro
76,2024-02-27,17,15,2,129,Patricia Vega
77,2024-02-28,16,21,3,189,Diego Castro
78,2024-02-28,46,3,3,899,Luis Huanca
79,2024-02-28,22,9,3,199,Carlos Ramos
80,2024-02-29,15,5,4,89,María Torres
81,2024-03-01,27,3,4,899,Jorge Salinas
82,2024-03-02,4,14,2,79,Rosa Mendoza
83,2024-03-02,50,13,5,189,Ana Quispe
84,2024-03-02,37,25,4,99,Diego Castro
85,2024-03-04,49,10,4,79,Rosa Mendoza
86,2024-03-04,48,18,6,49,Luis Huanca
87,2024-03-05,18,8,4,159,Diego Castro
88,2024-03-05,25,1,3,2499,Rosa Mendoza
89,2024-03-05,11,24,4,149,María Torres
90,2024-03-07,37,19,6,29,Ana Quispe
91,2024-03-07,42,3,4,899,María Torres
92,2024-03-07,12,15,1,129,Patricia Vega
93,2024-03-08,14,11,4,299,Jorge Salinas
94,2024-03-08,49,11,4,299,Patricia Vega
95,2024-03-08,27,25,3,99,Carlos Ramos
96,2024-03-09,48,1,5,2499,Ana Quispe
97,2024-03-09,15,12,6,59,Carlos Ramos
98,2024-03-09,42,25,1,99,Ana Quispe
99,2024-03-10,2,7,5,89,María Torres
100,2024-03-11,31,5,6,89,Carlos Ramos
101,2024-03-12,45,15,3,129,Jorge Salinas
102,2024-03-13,39,20,6,39,Carlos Ramos
103,2024-03-14,7,10,5,79,Ana Quispe
104,2024-03-15,44,19,4,29,Rosa Mendoza
105,2024-03-15,13,23,1,79,Luis Huanca
106,2024-03-17,39,22,1,129,Ana Quispe
107,2024-03-17,35,12,4,59,Jorge Salinas
108,2024-03-19,27,1,4,2499,Carlos Ramos
109,2024-03-19,24,14,6,79,Diego Castro
110,2024-03-20,12,14,6,79,Patricia Vega
111,2024-03-21,28,15,6,129,Patricia Vega
112,2024-03-21,16,11,1,299,Patricia Vega
113,2024-03-21,16,15,4,129,Rosa Mendoza
114,2024-03-22,32,1,3,2499,María Torres
115,2024-03-22,14,16,3,899,Patricia Vega
116,2024-03-23,39,9,6,199,Patricia Vega
117,2024-03-23,1,18,5,49,Luis Huanca
118,2024-03-25,27,24,4,149,Luis Huanca
119,2024-03-26,46,21,4,189,Diego Castro
120,2024-03-26,6,1,3,2499,Luis Huanca
121,2024-03-26,45,13,2,189,Patricia Vega
122,2024-03-27,36,16,5,899,Jorge Salinas
123,2024-03-27,48,14,5,79,Jorge Salinas
124,2024-03-28,30,23,3,79,Patricia Vega
125,2024-03-28,15,9,1,199,Luis Huanca
126,2024-03-29,48,4,5,349,María Torres
127,2024-03-29,14,7,6,89,Diego Castro
128,2024-03-30,38,24,5,149,Patricia Vega
129,2024-03-30,13,4,3,349,Luis Huanca
130,2024-03-31,20,6,1,49,María Torres
131,2024-03-31,3,9,1,199,Patricia Vega
132,2024-04-01,49,21,4,189,Carlos Ramos
133,2024-04-03,31,16,4,899,Jorge Salinas
134,2024-04-03,4,6,3,49,Diego Castro
135,2024-04-06,5,16,5,899,Ana Quispe
136,2024-04-06,10,5,5,89,Patricia Vega
137,2024-04-06,16,3,1,899,Rosa Mendoza
138,2024-04-07,34,25,4,99,Diego Castro
139,2024-04-08,38,10,4,79,Patricia Vega
140,2024-04-08,40,19,1,29,Carlos Ramos
141,2024-04-08,14,25,6,99,Luis Huanca
142,2024-04-09,6,22,2,129,Luis Huanca
143,2024-04-09,36,6,1,49,María Torres
144,2024-04-11,45,15,5,129,Diego Castro
145,2024-04-11,3,10,2,79,Patricia Vega
146,2024-04-11,19,23,6,79,Diego Castro
147,2024-04-13,41,9,5,199,Luis Huanca
148,2024-04-14,35,4,2,349,María Torres
149,2024-04-14,10,9,1,199,Ana Quispe
150,2024-04-14,20,6,5,49,Patricia Vega
151,2024-04-15,30,4,6,349,Patricia Vega
152,2024-04-15,26,23,3,79,Diego Castro
153,2024-04-15,6,15,5,129,Ana Quispe
154,2024-04-16,21,24,5,149,Patricia Vega
155,2024-04-16,6,1,2,2499,Ana Quispe
156,2024-04-16,44,25,3,99,Ana Quispe
157,2024-04-17,34,16,6,899,Diego Castro
158,2024-04-18,38,6,4,49,Diego Castro
159,2024-04-18,31,3,3,899,Rosa Mendoza
160,2024-04-19,43,11,1,299,María Torres
161,2024-04-19,27,11,6,299,Diego Castro
162,2024-04-20,26,22,5,129,Ana Quispe
163,2024-04-20,6,15,3,129,Patricia Vega
164,2024-04-21,50,4,4,349,Ana Quispe
165,2024-04-21,35,22,4,129,Rosa Mendoza
166,2024-04-23,24,17,5,69,Diego Castro
167,2024-04-24,4,25,2,99,Patricia Vega
168,2024-04-24,9,18,3,49,Diego Castro
169,2024-04-24,32,23,1,79,Ana Quispe
170,2024-04-25,11,23,3,79,Ana Quispe
171,2024-04-26,15,3,1,899,Diego Castro
172,2024-04-26,42,4,2,349,Diego Castro
173,2024-04-26,19,23,5,79,Patricia Vega
174,2024-04-27,31,16,2,899,Diego Castro
175,2024-04-27,10,18,4,49,Luis Huanca
176,2024-04-27,33,20,6,39,María Torres
177,2024-04-29,27,25,3,99,Patricia Vega
178,2024-04-29,19,1,6,2499,Patricia Vega
179,2024-04-30,29,5,5,89,Diego Castro
180,2024-04-30,22,12,5,59,Rosa Mendoza
181,2024-04-30,21,15,2,129,Luis Huanca
182,2024-05-01,50,8,4,159,Ana Quispe
183,2024-05-01,48,11,4,299,Rosa Mendoza
184,2024-05-01,43,13,6,189,María Torres
185,2024-05-02,9,2,5,2799,Jorge Salinas
186,2024-05-02,29,4,1,349,Diego Castro
187,2024-05-02,47,1,2,2499,Rosa Mendoza
188,2024-05-03,31,3,3,899,Jorge Salinas
189,2024-05-04,6,21,3,189,Rosa Mendoza
190,2024-05-04,41,11,6,299,Diego Castro
191,2024-05-04,3,18,5,49,Carlos Ramos
192,2024-05-05,44,21,3,189,Luis Huanca
193,2024-05-07,49,4,6,349,Carlos Ramos
194,2024-05-07,11,15,6,129,Patricia Vega
195,2024-05-07,3,1,3,2499,Ana Quispe
196,2024-05-08,24,12,4,59,María Torres
197,2024-05-08,34,8,4,159,María Torres
198,2024-05-09,6,6,5,49,Rosa Mendoza
199,2024-05-10,38,16,2,899,Luis Huanca
200,2024-05-11,17,21,4,189,Patricia Vega
201,2024-05-11,1,22,4,129,Patricia Vega
202,2024-05-11,35,22,2,129,Carlos Ramos
203,2024-05-12,38,12,3,59,Rosa Mendoza
204,2024-05-12,17,23,4,79,Patricia Vega
205,2024-05-12,25,7,4,89,Carlos Ramos
206,2024-05-13,37,13,3,189,Patricia Vega
207,2024-05-14,43,1,4,2499,Patricia Vega
208,2024-05-14,37,1,6,2499,Ana Quispe
209,2024-05-15,50,10,2,79,Jorge Salinas
210,2024-05-15,41,8,2,159,Patricia Vega
211,2024-05-15,49,22,6,129,María Torres
212,2024-05-18,3,15,5,129,Jorge Salinas
213,2024-05-18,9,24,1,149,Patricia Vega
214,2024-05-19,27,24,2,149,Luis Huanca
215,2024-05-19,35,5,3,89,Patricia Vega
216,2024-05-20,31,9,3,199,Jorge Salinas
217,2024-05-22,10,3,2,899,Rosa Mendoza
218,2024-05-22,24,18,1,49,Rosa Mendoza
219,2024-05-22,17,1,5,2499,Carlos Ramos
220,2024-05-23,44,12,6,59,Patricia Vega
221,2024-05-23,25,19,6,29,Jorge Salinas
222,2024-05-23,44,4,2,349,Diego Castro
223,2024-05-25,15,20,6,39,Carlos Ramos
224,2024-05-25,30,21,6,189,Patricia Vega
225,2024-05-26,9,4,1,349,Ana Quispe
226,2024-05-26,32,10,1,79,Carlos Ramos
227,2024-05-26,35,8,2,159,Rosa Mendoza
228,2024-05-27,43,12,6,59,Rosa Mendoza
229,2024-05-27,48,19,6,29,María Torres
230,2024-05-27,42,14,1,79,Diego Castro
231,2024-05-28,3,9,6,199,Jorge Salinas
232,2024-05-28,29,7,4,89,Luis Huanca
233,2024-05-28,7,12,6,59,Jorge Salinas
234,2024-05-29,26,2,3,2799,Luis Huanca
235,2024-05-29,30,4,1,349,Luis Huanca
236,2024-06-01,9,8,5,159,Luis Huanca
237,2024-06-01,49,3,5,899,Luis Huanca
238,2024-06-02,22,8,2,159,Ana Quispe
239,2024-06-03,9,5,5,89,Patricia Vega
240,2024-06-03,8,6,6,49,Ana Quispe
241,2024-06-04,23,1,2,2499,Jorge Salinas
242,2024-06-06,4,9,2,199,Rosa Mendoza
243,2024-06-09,50,15,3,129,Carlos Ramos
244,2024-06-09,33,15,2,129,Ana Quispe
245,2024-06-09,43,24,5,149,Patricia Vega
246,2024-06-10,2,21,1,189,Diego Castro
247,2024-06-10,28,13,6,189,Carlos Ramos
248,2024-06-10,46,16,4,899,Carlos Ramos
249,2024-06-12,10,20,1,39,María Torres
250,2024-06-12,40,9,6,199,Jorge Salinas
251,2024-06-13,34,20,3,39,Diego Castro
252,2024-06-13,39,17,4,69,Carlos Ramos
253,2024-06-13,8,23,6,79,Luis Huanca
254,2024-06-14,15,15,4,129,Jorge Salinas
255,2024-06-14,26,15,4,129,Carlos Ramos
256,2024-06-14,28,11,3,299,Patricia Vega
257,2024-06-15,44,5,4,89,Carlos Ramos
258,2024-06-15,6,3,1,899,Rosa Mendoza
259,2024-06-17,36,5,1,89,Jorge Salinas
260,2024-06-17,8,22,4,129,Jorge Salinas
261,2024-06-18,4,24,3,149,Patricia Vega
262,2024-06-18,7,12,5,59,Luis Huanca
263,2024-06-18,43,5,4,89,Luis Huanca
264,2024-06-20,24,18,1,49,Patricia Vega
265,2024-06-20,15,19,4,29,Ana Quispe
266,2024-06-21,12,1,3,2499,Patricia Vega
267,2024-06-21,23,11,1,299,María Torres
268,2024-06-22,43,19,4,29,Carlos Ramos
269,2024-06-23,41,24,1,149,Carlos Ramos
270,2024-06-24,27,13,4,189,Jorge Salinas
271,2024-06-25,20,12,6,59,Jorge Salinas
272,2024-06-28,49,6,5,49,Ana Quispe
273,2024-06-30,43,15,4,129,Diego Castro
274,2024-06-30,29,20,4,39,Patricia Vega
275,2024-07-01,33,25,1,99,Jorge Salinas
276,2024-07-02,19,4,6,349,Diego Castro
277,2024-07-02,43,17,3,69,Ana Quispe
278,2024-07-02,26,8,5,159,Ana Quispe
279,2024-07-04,14,10,2,79,Patricia Vega
280,2024-07-05,8,11,1,299,Diego Castro
281,2024-07-05,28,24,2,149,María Torres
282,2024-07-06,46,18,2,49,Jorge Salinas
283,2024-07-06,26,3,6,899,Ana Quispe
284,2024-07-06,2,14,4,79,Carlos Ramos
285,2024-07-07,28,19,5,29,Rosa Mendoza
286,2024-07-07,41,23,4,79,Patricia Vega
287,2024-07-09,21,1,2,2499,Diego Castro
288,2024-07-09,24,23,1,79,Rosa Mendoza
289,2024-07-09,16,4,4,349,Rosa Mendoza
290,2024-07-11,48,10,3,79,Luis Huanca
291,2024-07-11,50,11,2,299,Carlos Ramos
292,2024-07-11,41,17,1,69,Luis Huanca
293,2024-07-12,47,12,6,59,María Torres
294,2024-07-12,7,8,2,159,Patricia Vega
295,2024-07-13,39,6,2,49,Carlos Ramos
296,2024-07-14,41,25,4,99,Diego Castro
297,2024-07-15,37,22,6,129,Jorge Salinas
298,2024-07-15,21,21,2,189,Diego Castro
299,2024-07-15,31,3,4,899,Patricia Vega
300,2024-07-16,4,19,3,29,Carlos Ramos
301,2024-07-16,30,10,4,79,Ana Quispe
302,2024-07-18,5,10,6,79,Carlos Ramos
303,2024-07-18,39,20,5,39,Rosa Mendoza
304,2024-07-19,36,19,6,29,Ana Quispe
305,2024-07-19,37,15,6,129,Luis Huanca
306,2024-07-19,39,11,4,299,María Torres
307,2024-07-21,22,4,6,349,Carlos Ramos
308,2024-07-21,42,17,2,69,Ana Quispe
309,2024-07-21,46,8,4,159,Diego Castro
310,2024-07-22,24,12,3,59,Rosa Mendoza
311,2024-07-23,22,25,6,99,Ana Quispe
312,2024-07-23,42,21,3,189,Carlos Ramos
313,2024-07-23,7,11,5,299,Rosa Mendoza
314,2024-07-24,47,9,6,199,María Torres
315,2024-07-24,6,11,5,299,María Torres
316,2024-07-25,42,10,6,79,Rosa Mendoza
317,2024-07-25,39,5,6,89,Carlos Ramos
318,2024-07-26,25,18,6,49,Jorge Salinas
319,2024-07-26,43,5,6,89,Carlos Ramos
320,2024-07-27,24,17,1,69,Jorge Salinas
321,2024-07-27,12,10,2,79,Jorge Salinas
322,2024-07-27,32,25,2,99,Luis Huanca
323,2024-07-28,5,5,3,89,Carlos Ramos
324,2024-07-30,40,25,2,99,Rosa Mendoza
325,2024-07-30,11,5,2,89,María Torres
326,2024-07-31,27,2,3,2799,Luis Huanca
327,2024-07-31,40,15,3,129,Diego Castro
328,2024-07-31,35,8,2,159,Patricia Vega
329,2024-08-01,24,7,6,89,Diego Castro
330,2024-08-01,50,15,3,129,Rosa Mendoza
331,2024-08-01,34,17,4,69,María Torres
332,2024-08-02,9,20,3,39,Ana Quispe
333,2024-08-03,36,12,1,59,Carlos Ramos
334,2024-08-03,6,10,2,79,Patricia Vega
335,2024-08-03,33,15,2,129,Rosa Mendoza
336,2024-08-05,23,15,1,129,Rosa Mendoza
337,2024-08-07,24,17,2,69,Rosa Mendoza
338,2024-08-07,24,3,2,899,Ana Quispe
339,2024-08-07,7,11,6,299,Jorge Salinas
340,2024-08-08,3,5,3,89,Diego Castro
341,2024-08-09,46,25,4,99,Diego Castro
342,2024-08-13,10,7,5,89,Rosa Mendoza
343,2024-08-13,50,4,3,349,Luis Huanca
344,2024-08-14,4,4,2,349,Rosa Mendoza
345,2024-08-14,40,21,4,189,Carlos Ramos
346,2024-08-16,35,20,1,39,Luis Huanca
347,2024-08-16,10,23,3,79,Rosa Mendoza
348,2024-08-16,40,1,3,2499,Luis Huanca
349,2024-08-17,43,6,6,49,Carlos Ramos
350,2024-08-17,24,17,1,69,Ana Quispe
351,2024-08-17,31,13,1,189,Rosa Mendoza
352,2024-08-18,48,9,1,199,Jorge Salinas
353,2024-08-18,23,3,2,899,Carlos Ramos
354,2024-08-19,3,5,3,89,Jorge Salinas
355,2024-08-19,12,21,6,189,Diego Castro
356,2024-08-20,12,21,2,189,Carlos Ramos
357,2024-08-20,50,23,4,79,Ana Quispe
358,2024-08-20,13,10,1,79,Luis Huanca
359,2024-08-22,33,10,4,79,Diego Castro
360,2024-08-22,3,9,6,199,Luis Huanca
361,2024-08-23,50,12,1,59,Jorge Salinas
362,2024-08-23,8,9,3,199,Rosa Mendoza
363,2024-08-24,29,24,4,149,Jorge Salinas
364,2024-08-24,32,6,6,49,Diego Castro
365,2024-08-24,34,12,3,59,Carlos Ramos
366,2024-08-25,28,3,5,899,María Torres
367,2024-08-25,19,18,3,49,Carlos Ramos
368,2024-08-25,21,3,6,899,Patricia Vega
369,2024-08-26,39,15,6,129,Rosa Mendoza
370,2024-08-26,45,6,4,49,Jorge Salinas
371,2024-08-27,47,2,3,2799,Rosa Mendoza
372,2024-08-27,41,9,1,199,Carlos Ramos
373,2024-08-27,41,22,4,129,Jorge Salinas
374,2024-08-28,10,1,5,2499,Diego Castro
375,2024-08-30,16,3,6,899,Jorge Salinas
376,2024-08-31,37,13,1,189,María Torres
377,2024-08-31,29,22,3,129,Jorge Salinas
378,2024-09-01,5,25,5,99,María Torres
379,2024-09-01,24,17,4,69,Jorge Salinas
380,2024-09-01,18,21,2,189,Carlos Ramos
381,2024-09-03,34,16,4,899,Carlos Ramos
382,2024-09-04,17,25,6,99,Diego Castro
383,2024-09-04,40,7,3,89,Diego Castro
384,2024-09-05,9,4,1,349,Diego Castro
385,2024-09-06,29,23,1,79,Jorge Salinas
386,2024-09-07,5,23,5,79,Patricia Vega
387,2024-09-07,11,10,6,79,María Torres
388,2024-09-08,15,17,1,69,Luis Huanca
389,2024-09-08,16,5,4,89,Ana Quispe
390,2024-09-09,37,18,3,49,Diego Castro
391,2024-09-09,9,18,5,49,Carlos Ramos
392,2024-09-11,46,13,6,189,Diego Castro
393,2024-09-11,27,17,4,69,Carlos Ramos
394,2024-09-12,42,11,1,299,Diego Castro
395,2024-09-13,34,22,3,129,María Torres
396,2024-09-13,36,25,6,99,María Torres
397,2024-09-13,9,25,4,99,Ana Quispe
398,2024-09-15,11,10,2,79,Jorge Salinas
399,2024-09-16,34,12,3,59,Carlos Ramos
400,2024-09-17,41,7,5,89,Patricia Vega
401,2024-09-17,41,5,3,89,Carlos Ramos
402,2024-09-18,38,19,2,29,María Torres
403,2024-09-19,3,19,1,29,Carlos Ramos
404,2024-09-19,42,2,5,2799,Patricia Vega
405,2024-09-20,37,25,4,99,Ana Quispe
406,2024-09-21,35,21,3,189,Patricia Vega
407,2024-09-21,16,16,6,899,Rosa Mendoza
408,2024-09-21,30,10,1,79,Ana Quispe
409,2024-09-22,27,15,4,129,Diego Castro
410,2024-09-23,39,11,2,299,Jorge Salinas
411,2024-09-24,23,24,4,149,María Torres
412,2024-09-24,24,25,5,99,Carlos Ramos
413,2024-09-25,30,8,1,159,Patricia Vega
414,2024-09-25,16,15,2,129,Carlos Ramos
415,2024-09-27,40,13,4,189,Luis Huanca
416,2024-09-27,21,6,5,49,Jorge Salinas
417,2024-09-28,11,25,4,99,Diego Castro
418,2024-09-29,32,10,1,79,Carlos Ramos
419,2024-09-29,33,13,4,189,Luis Huanca
420,2024-09-29,38,7,3,89,Ana Quispe
421,2024-10-01,39,16,6,899,Diego Castro
422,2024-10-01,35,10,1,79,Carlos Ramos
423,2024-10-02,17,5,6,89,Jorge Salinas
424,2024-10-02,26,25,3,99,Ana Quispe
425,2024-10-02,4,13,5,189,Luis Huanca
426,2024-10-03,19,18,1,49,Rosa Mendoza
427,2024-10-03,29,17,5,69,Patricia Vega
428,2024-10-05,26,4,3,349,Jorge Salinas
429,2024-10-06,10,25,2,99,Rosa Mendoza
430,2024-10-06,3,17,1,69,Ana Quispe
431,2024-10-07,22,23,4,79,Diego Castro
432,2024-10-08,33,20,2,39,Jorge Salinas
433,2024-10-09,26,6,5,49,Patricia Vega
434,2024-10-09,22,19,5,29,Diego Castro
435,2024-10-10,2,16,3,899,Jorge Salinas
436,2024-10-10,8,22,4,129,Patricia Vega
437,2024-10-12,42,9,5,199,Luis Huanca
438,2024-10-12,4,24,5,149,Diego Castro
439,2024-10-12,34,6,6,49,Rosa Mendoza
440,2024-10-13,16,22,1,129,Carlos Ramos
441,2024-10-14,29,1,3,2499,Rosa Mendoza
442,2024-10-15,45,14,2,79,Rosa Mendoza
443,2024-10-16,47,24,1,149,María Torres
444,2024-10-16,14,17,5,69,Jorge Salinas
445,2024-10-16,31,22,5,129,Rosa Mendoza
446,2024-10-17,30,6,5,49,Jorge Salinas
447,2024-10-17,23,18,6,49,Patricia Vega
448,2024-10-18,16,7,3,89,Patricia Vega
449,2024-10-18,20,8,3,159,Luis Huanca
450,2024-10-18,46,23,4,79,Jorge Salinas
451,2024-10-19,36,12,6,59,Patricia Vega
452,2024-10-19,8,10,5,79,Rosa Mendoza
453,2024-10-19,23,13,2,189,Patricia Vega
454,2024-10-21,6,23,3,79,Diego Castro
455,2024-10-21,17,21,6,189,Diego Castro
456,2024-10-22,35,7,3,89,Patricia Vega
457,2024-10-23,40,4,6,349,Luis Huanca
458,2024-10-24,43,2,5,2799,Luis Huanca
459,2024-10-25,7,2,4,2799,Jorge Salinas
460,2024-10-26,44,4,2,349,Ana Quispe
461,2024-10-26,11,18,4,49,Diego Castro
462,2024-10-26,42,16,2,899,Patricia Vega
463,2024-10-27,42,10,1,79,Carlos Ramos
464,2024-10-27,37,21,2,189,Ana Quispe
465,2024-10-28,12,14,1,79,Rosa Mendoza
466,2024-10-29,48,6,3,49,Ana Quispe
467,2024-10-29,20,1,5,2499,Carlos Ramos
468,2024-10-29,19,11,4,299,Diego Castro
469,2024-10-30,30,17,3,69,Luis Huanca
470,2024-11-01,47,6,4,49,Patricia Vega
471,2024-11-01,12,23,1,79,Jorge Salinas
472,2024-11-02,44,19,2,29,María Torres
473,2024-11-02,41,20,4,39,Rosa Mendoza
474,2024-11-03,26,3,6,899,Carlos Ramos
475,2024-11-03,9,6,4,49,Jorge Salinas
476,2024-11-04,17,1,4,2499,Luis Huanca
477,2024-11-05,18,25,3,99,Patricia Vega
478,2024-11-05,47,19,5,29,Ana Quispe
479,2024-11-05,42,9,3,199,Luis Huanca
480,2024-11-08,11,10,4,79,Patricia Vega
481,2024-11-08,8,23,6,79,Patricia Vega
482,2024-11-08,40,12,2,59,Luis Huanca
483,2024-11-09,10,16,4,899,Jorge Salinas
484,2024-11-10,36,23,4,79,Luis Huanca
485,2024-11-10,16,25,6,99,Carlos Ramos
486,2024-11-10,29,17,5,69,Jorge Salinas
487,2024-11-14,35,19,2,29,María Torres
488,2024-11-15,29,17,1,69,Luis Huanca
489,2024-11-15,38,23,4,79,Carlos Ramos
490,2024-11-16,30,2,2,2799,Rosa Mendoza
491,2024-11-16,37,15,1,129,Diego Castro
492,2024-11-16,20,22,6,129,Ana Quispe
493,2024-11-17,1,9,6,199,Luis Huanca
494,2024-11-17,5,19,1,29,Rosa Mendoza
495,2024-11-17,45,12,1,59,Ana Quispe
496,2024-11-19,19,2,4,2799,María Torres
497,2024-11-19,9,25,6,99,Rosa Mendoza
498,2024-11-19,25,12,4,59,Rosa Mendoza
499,2024-11-20,44,3,6,899,María Torres
500,2024-11-20,23,21,1,189,María Torres
501,2024-11-20,26,18,5,49,María Torres
502,2024-11-21,49,1,1,2499,Patricia Vega
503,2024-11-22,47,22,5,129,Rosa Mendoza
504,2024-11-22,25,18,2,49,Luis Huanca
505,2024-11-22,23,15,2,129,Patricia Vega
506,2024-11-23,49,24,1,149,Ana Quispe
507,2024-11-24,50,20,1,39,Luis Huanca
508,2024-11-24,5,7,1,89,Ana Quispe
509,2024-11-24,39,15,6,129,Ana Quispe
510,2024-11-25,3,24,4,149,Diego Castro
511,2024-11-26,14,18,1,49,María Torres
512,2024-11-27,47,8,5,159,Jorge Salinas
513,2024-11-27,39,19,6,29,Jorge Salinas
514,2024-11-28,10,10,6,79,Luis Huanca
515,2024-11-29,18,10,1,79,María Torres
516,2024-11-29,44,21,4,189,Diego Castro
517,2024-11-29,23,2,6,2799,Rosa Mendoza
518,2024-11-30,27,23,4,79,María Torres
519,2024-11-30,25,10,2,79,Diego Castro
520,2024-12-01,20,8,6,159,María Torres
521,2024-12-02,36,2,4,2799,Rosa Mendoza
522,2024-12-02,34,18,2,49,Rosa Mendoza
523,2024-12-02,17,8,2,159,Jorge Salinas
524,2024-12-04,6,12,5,59,Luis Huanca
525,2024-12-04,18,2,4,2799,Ana Quispe
526,2024-12-04,13,3,5,899,Luis Huanca
527,2024-12-05,22,7,3,89,Ana Quispe
528,2024-12-05,13,7,6,89,Carlos Ramos
529,2024-12-05,49,24,4,149,Luis Huanca
530,2024-12-06,16,13,5,189,Jorge Salinas
531,2024-12-07,30,13,5,189,Jorge Salinas
532,2024-12-07,17,10,3,79,Diego Castro
533,2024-12-08,47,4,4,349,Jorge Salinas
534,2024-12-08,24,7,3,89,Rosa Mendoza
535,2024-12-08,37,2,2,2799,María Torres
536,2024-12-10,38,18,5,49,Rosa Mendoza
537,2024-12-10,10,10,2,79,Jorge Salinas
538,2024-12-11,37,13,2,189,Diego Castro
539,2024-12-12,49,9,4,199,Diego Castro
540,2024-12-12,11,15,6,129,Jorge Salinas
541,2024-12-13,47,5,5,89,Diego Castro
542,2024-12-14,42,18,1,49,Ana Quispe
543,2024-12-18,41,5,2,89,Carlos Ramos
544,2024-12-18,10,23,1,79,Luis Huanca
545,2024-12-18,30,17,3,69,Ana Quispe
546,2024-12-19,32,22,1,129,Ana Quispe
547,2024-12-19,36,18,4,49,Ana Quispe
548,2024-12-19,34,1,6,2499,Patricia Vega
549,2024-12-20,33,1,6,2499,Rosa Mendoza
550,2024-12-20,7,6,1,49,María Torres
551,2024-12-21,40,7,5,89,Patricia Vega
552,2024-12-22,26,9,1,199,Jorge Salinas
553,2024-12-22,30,13,5,189,Luis Huanca
554,2024-12-23,44,10,1,79,Ana Quispe
555,2024-12-25,25,13,5,189,Diego Castro
556,2024-12-25,41,2,1,2799,María Torres
557,2024-12-25,32,3,4,899,Jorge Salinas
558,2024-12-28,45,7,5,89,Diego Castro
559,2024-12-29,5,2,6,2799,Patricia Vega
560,2024-12-29,37,18,6,49,Ana Quispe
561,2024-12-30,2,11,2,299,María Torres
